#{"t_start": 1788293058.8830578, "env_id": "None"}
r,l,t
-882.801095,167,0.819388
-855.911041,167,1.052843
-766.505852,167,1.288746
-812.999449,167,1.521584
-845.888199,167,1.760436
-845.489474,167,1.998533
-782.393483,167,2.231137
-880.307021,167,2.464837
-854.214135,167,2.699134
-860.03004,167,2.933207
-820.671423,167,3.16712
-933.992054,167,3.400341
-896.554649,167,3.850163
-846.479647,167,4.084098
-834.202246,167,4.317587
-871.266231,167,4.548045
-796.338653,167,4.778368
-834.121383,167,5.008307
-730.630957,167,5.240959
-803.972586,167,5.474342
-897.222422,167,5.707547
-778.522878,167,5.939978
-845.432661,167,6.175852
-824.558109,167,6.409082
-769.875315,167,6.714805
-885.078658,167,6.949486
-793.113219,167,7.18358
-717.099438,167,7.417732
-790.473672,167,7.652346
-789.378063,167,7.886525
-810.450006,167,8.120967
-776.965449,167,8.355282
-740.703576,167,8.588992
-730.009462,167,8.819589
-816.960327,167,9.049744
-769.92488,167,9.280502
-796.331185,167,9.588402
-727.904507,167,9.82059
-772.080364,167,10.051423
-779.643426,167,10.282591
-790.75421,167,10.513788
-813.93802,167,10.746413
-1049.189959,167,10.978035
-695.683972,167,11.20967
-798.992061,167,11.441017
-688.199485,167,11.672349
-694.967079,167,11.946432
-642.087552,167,12.180951
-714.529252,167,12.414932
-699.820153,167,12.770214
-683.516992,167,13.000817
-727.930162,167,13.231745
-759.597073,167,13.462055
-631.552427,167,13.692579
-729.181624,167,13.922336
-744.625989,167,14.152647
-749.437059,167,14.382529
-675.167234,167,14.612779
-665.707041,167,14.842332
-745.087674,167,15.113374
-634.835008,167,15.348977
-938.959548,167,15.657015
-628.076204,167,15.892367
-644.618295,167,16.127057
-710.001818,167,16.36724
-682.99606,167,16.605798
-650.936187,167,16.841193
-619.133271,167,17.07916
-763.146098,167,17.315752
-698.500637,167,17.551856
-753.511967,167,17.788668
-715.301997,167,18.024549
-711.263897,167,18.261303
-659.924205,167,18.570479
-715.937683,167,18.805942
-601.798295,167,19.040869
-623.127366,167,19.276243
-628.831923,167,19.511241
-671.088732,167,19.745947
-583.381551,167,19.9807
-657.259376,167,20.215768
-642.913624,167,20.450767
-664.696448,167,20.685528
-647.351936,167,20.920418
-608.058574,167,21.155036
-765.409925,167,21.462824
-630.531498,167,21.694903
-635.996775,167,21.92606
-698.255505,167,22.157001
-737.249556,167,22.388055
-576.999462,167,22.619374
-656.912748,167,22.85038
-633.643331,167,23.081645
-584.581806,167,23.313108
-680.565425,167,23.544494
-579.787358,167,23.776336
-590.091087,167,24.007523
-850.740213,167,24.238864
-879.917842,167,24.547992
-713.208678,167,24.780424
-537.400318,167,25.011859
-705.795653,167,25.244223
-711.058428,167,25.4764
-644.158352,167,25.70825
-769.495722,167,25.939774
-734.617057,167,26.17136
-632.440785,167,26.402854
-662.063894,167,26.63434
-617.457906,167,26.86533
-565.349503,167,27.096397
-630.37867,167,27.401769
-816.226405,167,27.635066
-604.657279,167,27.866884
-624.185406,167,28.099178
-886.544993,167,28.332958
-603.28896,167,28.564108
-745.385406,167,28.795374
-556.777545,167,29.026261
-682.568511,167,29.258909
-672.493543,167,29.494807
-634.914132,167,29.730418
-640.23625,167,29.965735
-730.184813,167,30.274535
-652.117657,167,30.509261
-620.74866,167,30.749755
-634.587982,167,30.987453
-615.688722,167,31.22292
-747.794273,167,31.457763
-544.878868,167,31.693927
-755.35083,167,31.929131
-643.867663,167,32.163893
-749.586987,167,32.396825
-612.998123,167,32.630261
-613.886977,167,32.863198
-558.161767,167,33.169897
-770.001025,167,33.401221
-605.22048,167,33.631733
-507.094493,167,33.862424
-670.560671,167,34.093042
-568.517904,167,34.324316
-610.473201,167,34.554851
-588.411728,167,34.785314
-642.74724,167,35.015321
-650.899627,167,35.246691
-556.71115,167,35.477431
-633.498263,167,35.708084
-566.229335,167,35.938553
-571.694921,167,36.24391
-714.173477,167,36.475529
-643.500875,167,36.707299
-569.125726,167,36.944159
-539.361087,167,37.177313
-626.18433,167,37.409189
-584.096554,167,37.642014
-553.580287,167,37.87413
-618.488338,167,38.106509
-671.690023,167,38.33878
-616.899266,167,38.570454
-626.290021,167,38.802147
-636.6239,167,39.108329
-689.584039,167,39.340506
-606.3863,167,39.572383
-616.638977,167,39.80447
-579.789248,167,40.036392
-539.455748,167,40.268247
-562.594631,167,40.499501
-551.96548,167,40.731324
-678.503211,167,40.962441
-598.105488,167,41.194107
-647.85848,167,41.433184
-574.964298,167,41.664201
-596.274932,167,41.969976
-665.580766,167,42.206156
-623.346117,167,42.441677
-585.494238,167,42.67756
-608.762774,167,42.913784
-556.961585,167,43.149699
-623.822293,167,43.384902
-575.126392,167,43.620356
-539.488699,167,43.860596
-562.127661,167,44.096724
-597.770648,167,44.328847
-550.051922,167,44.560254
-740.116658,167,44.865781
-571.054892,167,45.109246
-587.298281,167,45.34855
-561.246362,167,45.585638
-563.653498,167,45.821321
-620.712188,167,46.060053
-617.506027,167,46.300115
-543.230623,167,46.538112
-569.444756,167,46.77386
-598.902514,167,47.009792
-551.257137,167,47.242806
-573.979377,167,47.474025
-522.532834,167,47.705852
-536.736206,167,48.015145
-792.727151,167,48.250355
-551.620646,167,48.483376
-596.743641,167,48.715888
-606.090211,167,48.948595
-513.535092,167,49.18149
-530.809289,167,49.41499
-520.999234,167,49.647948
-511.909905,167,49.880313
-590.616286,167,50.113267
-618.535237,167,50.34907
-672.34721,167,50.584748
-673.251649,167,50.894297
-557.197817,167,51.130724
-568.398279,167,51.366472
-569.467145,167,51.60159
-542.86715,167,51.837497
-571.292378,167,52.073127
-537.805093,167,52.308823
-630.960261,167,52.54419
-534.270889,167,52.7804
-565.076697,167,53.015816
-528.627856,167,53.251494
-595.401511,167,53.486645
-514.288062,167,53.84391
-539.739795,167,54.079522
-560.344377,167,54.315388
-545.379015,167,54.549873
-617.256316,167,54.785108
-602.889163,167,55.019268
-583.605,167,55.253472
-520.698083,167,55.485235
-537.287872,167,55.716616
-516.556965,167,55.947225
-577.912364,167,56.178384
-586.937904,167,56.409155
-515.284578,167,56.640086
-522.050286,167,56.947805
-578.0146,167,57.183171
-542.593368,167,57.418102
-572.821557,167,57.653418
-472.641664,167,57.888127
-555.847433,167,58.123771
-598.491615,167,58.36343
-569.28693,167,58.59873
-547.183396,167,58.832967
-722.216791,167,59.066517
-518.765934,167,59.301235
-554.626412,167,59.547052
-503.357284,167,59.862683
-522.237191,167,60.100652
-549.186979,167,60.33707
-662.389379,167,60.573485
-577.895364,167,60.809202
-572.752852,167,61.044571
-504.982695,167,61.281078
-533.360663,167,61.516821
-615.525425,167,61.752653
-533.060757,167,61.988169
-479.623659,167,62.223967
-543.585264,167,62.459655
-538.631191,167,62.770669
-533.604924,167,63.006963
-506.85325,167,63.243166
-510.450334,167,63.478725
-505.697827,167,63.714238
-536.72665,167,63.949559
-562.988058,167,64.185189
-537.328605,167,64.420787
-581.886493,167,64.65702
-551.477506,167,64.893377
-499.185783,167,65.129457
-571.713452,167,65.363907
-516.876284,167,65.673682
-529.626109,167,65.909777
-491.21396,167,66.147625
-510.683038,167,66.383245
-527.941494,167,66.618212
-514.812298,167,66.853471
-596.288263,167,67.088584
-544.804725,167,67.323846
-587.719548,167,67.559329
-515.644722,167,67.795335
-520.704073,167,68.030609
-537.556944,167,68.266558
-589.540352,167,68.501888
-766.229841,167,68.809709
-487.990776,167,69.044074
-546.241004,167,69.276509
-473.395059,167,69.507816
-460.739828,167,69.739168
-556.673793,167,69.970167
-532.733864,167,70.20174
-493.013783,167,70.433134
-525.115385,167,70.664325
-516.195011,167,70.895899
-576.179393,167,71.129096
-538.186314,167,71.37042
-529.366761,167,71.679647
-558.321037,167,71.91196
-478.720077,167,72.144101
-588.990703,167,72.375618
-489.325051,167,72.606938
-486.610778,167,72.845448
-516.637193,167,73.08162
-531.618125,167,73.317161
-504.319765,167,73.552354
-505.394398,167,73.787521
-477.479356,167,74.030059
-511.633256,167,74.268208
-496.651844,167,74.578182
-511.268644,167,74.815304
-484.051632,167,75.052576
-616.792832,167,75.290948
-483.369216,167,75.526795
-549.173378,167,75.763265
-505.1343,167,75.999108
-504.082455,167,76.235395
-609.391203,167,76.47106
-533.89933,167,76.706813
-526.63515,167,76.941929
-609.705038,167,77.177334
-529.988314,167,77.484655
-510.442401,167,77.723052
-491.991244,167,77.959282
-517.079523,167,78.19592
-529.196249,167,78.432068
-542.813828,167,78.66832
-535.807861,167,78.90423
-444.197316,167,79.140036
-522.829209,167,79.371823
-508.236469,167,79.60371
-504.716834,167,79.835062
-512.858727,167,80.066687
-451.088554,167,80.298806
-481.568267,167,80.603946
-511.937049,167,80.836155
-502.061243,167,81.067618
-526.028301,167,81.299895
-598.241217,167,81.531708
-511.600624,167,81.763784
-484.197445,167,81.995415
-521.462327,167,82.227317
-497.08294,167,82.45875
-503.561931,167,82.690779
-497.27879,167,82.922207
-495.708692,167,83.153912
-577.742545,167,83.461026
-485.508703,167,83.694035
-561.054799,167,83.92655
-465.130219,167,84.159169
-525.429525,167,84.391768
-453.832807,167,84.624251
-509.894755,167,84.856735
-470.50844,167,85.088909
-455.152819,167,85.321755
-488.438606,167,85.554395
-522.959136,167,85.786869
-485.161614,167,86.018876
-559.974059,167,86.324671
-440.245194,167,86.556107
-492.079418,167,86.787253
-524.639058,167,87.018305
-518.917655,167,87.256031
-498.445186,167,87.48756
-475.104135,167,87.719326
-578.304604,167,87.950785
-498.731124,167,88.184237
-514.9583,167,88.470379
-521.765335,167,88.708654
-522.90053,167,88.945473
-445.900599,167,89.25663
-453.512932,167,89.49419
-534.943186,167,89.729422
-581.450304,167,89.964716
-516.926655,167,90.200526
-595.432923,167,90.434088
-487.911071,167,90.667012
-626.187257,167,90.899572
-486.732879,167,91.13216
-572.364185,167,91.365078
-735.168493,167,91.597817
-496.754167,167,91.830677
-589.484857,167,92.062745
-437.903819,167,92.370188
-493.003099,167,92.602957
-448.383285,167,92.836094
-473.078886,167,93.068644
-471.671152,167,93.301385
-584.606064,167,93.533919
-485.163118,167,93.76661
-478.331717,167,93.999112
-482.738788,167,94.232007
-549.138735,167,94.464446
-477.402282,167,94.696793
-535.002502,167,94.929219
-480.443119,167,95.237259
-494.315069,167,95.472843
-499.787164,167,95.707998
-447.488952,167,95.943058
-429.414518,167,96.17809
-450.032556,167,96.412962
-516.183801,167,96.647608
-476.285142,167,96.88219
-481.807329,167,97.121514
-475.372129,167,97.356544
-718.779022,167,97.591198
-468.159306,167,97.82664
-516.352564,167,98.136172
-489.963484,167,98.370444
-488.092657,167,98.601419
-465.797774,167,98.83244
-490.618582,167,99.063034
-481.736065,167,99.29404
-489.477343,167,99.525264
-506.646416,167,99.756272
-446.540087,167,99.986797
-559.084155,167,100.217775
-491.120698,167,100.448258
-452.709241,167,100.678808
-520.113015,167,100.986631
-495.528789,167,101.222662
-439.727073,167,101.46435
-518.899158,167,101.704199
-428.286833,167,101.936332
-494.982735,167,102.169036
-446.041404,167,102.402593
-450.862384,167,102.635176
-497.492804,167,102.879139
-469.397036,167,103.117623
-510.152933,167,103.352961
-500.082838,167,103.589563
-487.568739,167,103.82507
-508.104879,167,104.136376
-530.076901,167,104.369378
-462.473646,167,104.601186
-489.891185,167,104.832557
-447.789055,167,105.063981
-472.659675,167,105.296355
-473.636465,167,105.528486
-534.689707,167,105.76015
-463.048855,167,105.991923
-446.488051,167,106.223667
-467.447265,167,106.455075
-472.436443,167,106.686543
-449.709463,167,106.993089
-550.197215,167,107.228398
-449.36917,167,107.464273
-476.141637,167,107.700935
-450.707603,167,107.936804
-481.839153,167,108.172852
-433.041692,167,108.408316
-447.11164,167,108.643789
-454.21445,167,108.876162
-447.535307,167,109.108402
-453.120114,167,109.340312
-465.569977,167,109.572269
-522.390786,167,109.877569
-453.527942,167,110.110305
-457.148936,167,110.342178
-570.59274,167,110.57411
-422.683355,167,110.805776
-474.262131,167,111.037228
-484.374595,167,111.269168
-470.931956,167,111.500836
-473.81003,167,111.732471
-470.166113,167,111.963604
-428.731513,167,112.195399
-518.637272,167,112.427051
-448.434365,167,112.65903
-494.626062,167,112.967778
-459.174053,167,113.203954
-446.261843,167,113.43952
-433.842922,167,113.674876
-453.02701,167,113.910101
-554.957247,167,114.145236
-447.513638,167,114.380806
-421.546101,167,114.615952
-476.866767,167,114.852003
-456.751608,167,115.08761
-451.741531,167,115.323502
-561.711111,167,115.558949
-452.775648,167,115.867865
-435.39597,167,116.107248
-451.244049,167,116.342667
-446.101479,167,116.577941
-440.666856,167,116.812828
-467.890538,167,117.051901
-512.637799,167,117.290832
-456.675824,167,117.526835
-458.113526,167,117.764205
-430.016359,167,118.000499
-456.192409,167,118.237331
-609.501704,167,118.473478
-487.613864,167,118.781227
-448.107738,167,119.016656
-433.610843,167,119.252025
-463.799717,167,119.487332
-463.061957,167,119.722236
-449.029182,167,119.957106
-482.354092,167,120.19173
-476.601483,167,120.426233
-471.256684,167,120.660543
-474.189036,167,120.894969
-521.765698,167,121.1295
-452.732693,167,121.363789
-505.127395,167,121.670398
-457.536314,167,121.904388
-419.946171,167,122.137113
-456.39956,167,122.369774
-444.999657,167,122.601682
-442.50871,167,122.837404
-473.560132,167,123.072451
-427.569227,167,123.305433
-479.073523,167,123.537752
-474.09845,167,123.770237
-475.412518,167,124.00242
-442.842246,167,124.235352
-440.106671,167,124.467263
-460.171543,167,124.774997
-488.908139,167,125.00708
-431.81408,167,125.23986
-437.572223,167,125.472785
-442.674017,167,125.705153
-427.15588,167,125.936909
-458.747446,167,126.170668
-448.747244,167,126.402789
-462.835279,167,126.634564
-420.379301,167,126.866636
-456.494734,167,127.098231
-455.43296,167,127.329949
-425.884527,167,127.635495
-471.369728,167,127.868138
-484.307468,167,128.10041
-493.652966,167,128.332763
-457.978153,167,128.564275
-440.702193,167,128.796264
-436.914263,167,129.040365
-465.048738,167,129.282275
-465.344147,167,129.521752
-460.293754,167,129.760371
-460.248835,167,129.997753
-413.745077,167,130.236915
-457.83768,167,130.550055
-463.641441,167,130.790559
-457.280253,167,131.38018
-425.331144,167,131.77009
-474.202262,167,132.020559
-414.878746,167,132.263202
-455.710138,167,132.5055
-476.871222,167,132.755145
-454.419607,167,132.993165
-443.466269,167,133.22923
-424.270862,167,133.465351
-434.839499,167,133.701115
-454.934599,167,134.010912
-453.051556,167,134.247407
-439.711018,167,134.48312
-444.75686,167,134.719031
-424.543143,167,134.95439
-448.592377,167,135.189851
-450.92955,167,135.426604
-451.697714,167,135.662102
-436.459159,167,135.897438
-396.070077,167,136.13276
-434.889092,167,136.367937
-450.106691,167,136.60312
-440.111039,167,136.837327
-443.004858,167,137.146299
-432.439848,167,137.382434
-430.344787,167,137.618231
-442.011963,167,137.854558
-429.192253,167,138.090812
-440.287437,167,138.325633
-450.996121,167,138.55849
-431.72206,167,138.791233
-419.950982,167,139.024228
-418.563982,167,139.303899
-427.745416,167,139.53569
-416.051387,167,139.766853
-418.988885,167,140.117526
-457.272551,167,140.352281
-418.104707,167,140.586029
-448.673233,167,140.820482
-455.642575,167,141.054699
-442.161445,167,141.289491
-422.239818,167,141.523555
-452.771093,167,141.757611
-427.568232,167,141.991122
-519.677839,167,142.225298
-433.583525,167,142.458972
-494.756154,167,142.693564
-431.70126,167,143.000067
-422.963089,167,143.232818
-438.247258,167,143.46437
-448.084273,167,143.695981
-439.977438,167,143.927849
-436.04681,167,144.159743
-493.756645,167,144.391575
-459.053634,167,144.622695
-415.074561,167,144.854064
-419.288217,167,145.085452
-451.421208,167,145.327755
-451.943875,167,145.56203
-475.890591,167,145.865847
-433.323623,167,146.101502
-457.030272,167,146.336607
-424.847052,167,146.577905
-444.81576,167,146.816503
-427.162057,167,147.052013
-424.140325,167,147.287959
-449.577207,167,147.522885
-416.245875,167,147.759873
-408.701292,167,147.995025
-396.703633,167,148.228262
-445.382803,167,148.46116
-431.735022,167,148.693377
-416.431492,167,149.000075
-405.277291,167,149.233361
-449.500984,167,149.465563
-430.839199,167,149.697275
-415.158559,167,149.929461
-418.602485,167,150.161318
-408.786002,167,150.393529
-449.098593,167,150.625674
-423.294358,167,150.857594
-419.390287,167,151.08932
-439.749828,167,151.321735
-451.770107,167,151.553385
-413.85195,167,151.860964
-448.00213,167,152.0973
-451.433178,167,152.329586
-427.757197,167,152.561602
-447.184768,167,152.794417
-416.561234,167,153.026568
-419.796385,167,153.258922
-415.909842,167,153.491278
-468.20783,167,153.726239
-407.121981,167,153.961446
-473.50966,167,154.197253
-438.981205,167,154.432457
-423.272539,167,154.739786
-430.355172,167,154.975962
-425.481127,167,155.212132
-454.350648,167,155.448455
-420.562467,167,155.684309
-445.862094,167,155.919641
-419.386929,167,156.155258
-413.793394,167,156.390931
-438.016313,167,156.627139
-433.492884,167,156.863946
-426.179458,167,157.103659
-441.245103,167,157.341529
-447.464791,167,157.65146
-412.994462,167,157.887867
-440.144158,167,158.123672
-436.667591,167,158.356681
-412.261391,167,158.588784
-415.214336,167,158.820924
-409.078559,167,159.052773
-484.902989,167,159.284948
-428.107525,167,159.516992
-447.044904,167,159.754382
-426.041076,167,159.990078
-434.619643,167,160.225535
-428.48447,167,160.46049
-421.718713,167,160.769642
-419.004572,167,161.01162
-424.392104,167,161.248889
-469.399267,167,161.495386
-442.757433,167,161.731867
-418.899351,167,161.966866
-414.260744,167,162.203361
-417.185147,167,162.438963
-427.853732,167,162.673785
-460.944496,167,162.9061
-419.420474,167,163.138475
-421.509594,167,163.370294
-444.208003,167,163.676838
-410.656064,167,163.909675
-432.176475,167,164.14221
-413.52382,167,164.37468
-417.260846,167,164.606429
-434.172608,167,164.838521
-501.211043,167,165.070491
-405.600191,167,165.303068
-415.489948,167,165.535675
-436.21207,167,165.767869
-435.236012,167,165.999967
-439.680986,167,166.231919
-400.694416,167,166.537848
-410.343459,167,166.774383
-411.129652,167,167.010622
-430.779704,167,167.246916
-396.884081,167,167.482349
-410.851629,167,167.718951
-404.490689,167,167.954254
-403.86962,167,168.190301
-405.646624,167,168.426268
-426.346711,167,168.66153
-435.364699,167,168.896607
-405.444951,167,169.131445
-412.448017,167,169.366289
-442.590737,167,169.672635
-492.808147,167,169.908572
-401.235515,167,170.144541
-435.30642,167,170.38035
-402.195636,167,170.61611
-400.679531,167,170.851274
-404.998062,167,171.086844
-416.016151,167,171.32216
-391.99541,167,171.55763
-411.773257,167,171.793083
-458.696689,167,172.028206
-422.029551,167,172.26377
-417.919073,167,172.573058
-392.585401,167,172.809618
-390.039788,167,173.04535
-418.202226,167,173.280976
-402.33976,167,173.516073
-401.302806,167,173.751367
-411.502373,167,173.986345
-442.774562,167,174.227295
-393.938253,167,174.462917
-408.151278,167,174.698994
-435.465633,167,174.934691
-412.841977,167,175.170597
-429.819748,167,175.485535
-405.112042,167,175.721491
-426.286518,167,175.957377
-429.343536,167,176.192996
-410.612263,167,176.428476
-386.245457,167,176.662922
-434.118154,167,176.896943
-399.873314,167,177.130426
-413.733532,167,177.366796
-411.508058,167,177.603115
-453.275039,167,177.840035
-447.683476,167,178.076408
-409.121884,167,178.385394
-402.799837,167,178.61792
-413.897949,167,178.853445
-389.047121,167,179.08886
-382.613176,167,179.324389
-439.28211,167,179.559468
-455.093706,167,179.794552
-438.511968,167,180.029452
-411.297228,167,180.264822
-415.52882,167,180.499677
-409.559306,167,180.73286
-416.48363,167,180.964535
-403.091923,167,181.197965
-434.758105,167,181.502781
-429.292928,167,181.7349
-407.233298,167,181.966424
-431.6099,167,182.198465
-407.747019,167,182.430306
-395.834213,167,182.662722
-404.436336,167,182.894623
-423.160028,167,183.126561
-431.025263,167,183.358492
-428.680294,167,183.589936
-393.842441,167,183.82167
-408.613802,167,184.053111
-408.317835,167,184.357955
-440.009172,167,184.589824
-406.180023,167,184.821602
-408.845762,167,185.053292
-385.975025,167,185.285899
-380.180071,167,185.518497
-393.502093,167,185.75086
-412.929401,167,185.984635
-399.900213,167,186.217754
-408.533031,167,186.449426
-383.849595,167,186.681241
-403.49795,167,186.912892
-440.934172,167,187.219456
-422.154552,167,187.451925
-395.343133,167,187.68407
-427.838913,167,187.915572
-450.260032,167,188.1472
-406.056909,167,188.378878
-404.515552,167,188.662373
-386.921063,167,188.898072
-408.678749,167,189.133007
-436.847543,167,189.368275
-415.060566,167,189.606328
-415.635032,167,189.845688
-412.147017,167,190.1559
-413.331338,167,190.392701
-410.110987,167,190.628533
-408.483097,167,190.865058
-405.275988,167,191.100241
-399.158713,167,191.333446
-407.5231,167,191.590319
-397.633456,167,191.826984
-400.187144,167,192.0618
-397.921904,167,192.296298
-407.464953,167,192.530537
-424.749399,167,192.765161
-415.135775,167,192.99911
-408.085216,167,193.309155
-409.096799,167,193.551125
-388.296788,167,193.791375
-423.31927,167,194.027887
-392.070756,167,194.264049
-385.170805,167,194.496784
-408.068041,167,194.729283
-438.721071,167,194.961485
-393.993374,167,195.196446
-437.303122,167,195.433231
-381.862023,167,195.669181
-399.833078,167,195.904955
-389.860464,167,196.213983
-410.202521,167,196.450667
-388.266679,167,196.686465
-383.121451,167,196.921962
-398.024473,167,197.158305
-404.094958,167,197.394157
-386.34663,167,197.629698
-419.178587,167,197.865911
-396.210152,167,198.102192
-392.340853,167,198.338279
-412.039816,167,198.573588
-382.605427,167,198.809145
-417.836573,167,199.11767
-383.95035,167,199.350736
-394.494844,167,199.582397
-390.883766,167,199.814393
-385.421132,167,200.045943
-403.273827,167,200.277844
-429.993615,167,200.509548
-397.100774,167,200.74129
-408.811288,167,200.972865
-427.297545,167,201.204823
-388.875057,167,201.436657
-397.996993,167,201.66816
-402.298047,167,201.972022
-391.850889,167,202.208321
-388.483626,167,202.443014
-392.313166,167,202.678564
-420.24969,167,202.913955
-377.831664,167,203.153446
-409.924519,167,203.386791
-390.23985,167,203.618806
-372.284737,167,203.850487
-392.831763,167,204.082375
-378.000049,167,204.324089
-400.016379,167,204.561861
-421.032366,167,204.79689
-379.906723,167,205.106475
-402.07261,167,205.343693
-388.036801,167,205.57973
-388.993014,167,205.814517
-367.886767,167,206.048744
-401.434175,167,206.283007
-383.387996,167,206.517242
-398.259719,167,206.750247
-406.804191,167,206.982374
-380.282677,167,207.214569
-391.288961,167,207.446613
-421.912387,167,207.679042
-384.543594,167,207.985583
-394.171138,167,208.221182
-395.548096,167,208.455827
-443.306667,167,208.689878
-401.368684,167,208.977029
-421.979218,167,209.212731
-381.500521,167,209.447837
-409.332551,167,209.682997
-413.996977,167,209.918463
-383.256447,167,210.159743
-376.613749,167,210.394901
-383.826507,167,210.631938
-419.988247,167,210.93907
-423.372515,167,211.189221
-401.794524,167,211.422177
-459.461454,167,211.654349
-379.910284,167,211.933895
-404.220049,167,212.168052
-405.045529,167,212.416194
-390.393218,167,212.658382
-389.04444,167,212.891862
-397.885244,167,213.12525
-374.938414,167,213.358748
-395.57014,167,213.591876
-376.502719,167,213.898023
-406.874482,167,214.134511
-384.18811,167,214.369935
-377.359985,167,214.604788
-491.987864,167,214.839727
-363.863731,167,215.075017
-398.29073,167,215.310761
-414.055182,167,215.546339
-384.638726,167,215.781523
-390.126763,167,216.016325
-395.800907,167,216.251333
-386.499987,167,216.486292
-411.282973,167,216.721013
-391.235475,167,217.02907
-401.6509,167,217.268438
-379.461585,167,217.501529
-389.774439,167,217.741159
-391.882047,167,217.975682
-374.215711,167,218.209969
-370.660388,167,218.442091
-406.967208,167,218.673872
-398.152011,167,218.914864
-386.416055,167,219.152771
-392.447024,167,219.38706
-370.12432,167,219.624118
-375.376942,167,219.93442
-397.000923,167,220.172124
-419.570427,167,220.408038
-364.539302,167,220.643639
-410.009792,167,220.8764
-391.55547,167,221.109059
-442.309853,167,221.341201
-399.856864,167,221.579996
-409.999646,167,221.81288
-390.755841,167,222.045094
-417.842823,167,222.277389
-373.575308,167,222.509314
-392.051023,167,222.81585
-378.975503,167,223.047708
-388.324982,167,223.279384
-389.65647,167,223.510493
-381.622647,167,223.742678
-426.436624,167,223.974153
-398.457202,167,224.20887
-358.639597,167,224.445062
-367.295754,167,224.680771
-383.714878,167,224.91611
-405.879981,167,225.151722
-401.403284,167,225.387833
-374.648034,167,225.624066
-368.412038,167,225.933397
-390.923645,167,226.169342
-388.494637,167,226.404788
-386.43868,167,226.639867
-370.960677,167,226.875001
-377.485294,167,227.110017
-402.803936,167,227.345124
-383.129957,167,227.579614
-389.914622,167,227.815121
-394.599318,167,228.049956
-379.032997,167,228.285403
-395.478355,167,228.519847
-385.569365,167,228.875506
-378.422892,167,229.107345
-382.485589,167,229.338798
-385.728441,167,229.569743
-402.380293,167,229.800966
-419.416567,167,230.031833
-391.293224,167,230.263418
-385.645934,167,230.494658
-386.57869,167,230.726266
-377.892477,167,230.957545
-383.952952,167,231.188811
-401.003115,167,231.420018
-379.125888,167,231.725791
-400.360851,167,231.958504
-367.620688,167,232.195381
-371.946556,167,232.431453
-400.452372,167,232.67577
-384.116357,167,232.913869
-424.01598,167,233.155392
-376.11725,167,233.529961
-396.011266,167,233.808771
-409.695587,167,234.049587
-371.301461,167,234.286992
-377.837554,167,234.525141
-436.161778,167,234.843507
-402.727406,167,235.077753
-380.009667,167,235.311287
-388.334851,167,235.54624
-371.906115,167,235.778214
-413.322012,167,236.009678
-382.697618,167,236.243469
-379.892966,167,236.476096
-401.207193,167,236.712297
-376.538233,167,236.948662
-383.116551,167,237.182277
-401.35577,167,237.420759
-377.299711,167,237.660359
-377.5017,167,237.972841
-391.733066,167,238.208491
-378.441109,167,238.446002
-397.608673,167,238.720174
-389.357116,167,238.973735
-380.009871,167,239.209925
-378.463942,167,239.446845
-398.446441,167,239.679392
-380.283877,167,239.9168
-401.629261,167,240.153932
-383.436259,167,240.397753
-389.466833,167,240.629863
-387.025552,167,240.938105
-366.182461,167,241.173617
-379.039805,167,241.405979
-384.018146,167,241.637935
-383.113521,167,241.870254
-367.025411,167,242.104232
-408.287198,167,242.335964
-383.437736,167,242.569773
-372.800148,167,242.803439
-383.284542,167,243.036369
-383.921521,167,243.273116
-383.405264,167,243.509954
-386.141001,167,243.818708
-404.938968,167,244.051747
-383.662593,167,244.284749
-383.887927,167,244.516869
-394.403849,167,244.749294
-367.78791,167,244.98092
-384.908409,167,245.213297
-370.240306,167,245.449447
-377.313219,167,245.681824
-380.543357,167,245.915313
-364.8651,167,246.151185
-366.13801,167,246.384182
-365.94873,167,246.699197
-365.928497,167,246.938164
-380.715317,167,247.175589
-365.847036,167,247.411623
-377.936052,167,247.648443
-358.154656,167,247.889497
-376.281888,167,248.131305
-379.669959,167,248.363499
-368.685007,167,248.59499
-368.991422,167,248.830098
-370.627764,167,249.071024
-370.679191,167,249.302875
-371.818393,167,249.53403
-400.381828,167,249.845068
-393.704544,167,250.082241
-364.27974,167,250.322071
-364.855597,167,250.557538
-415.396971,167,250.792928
-391.439619,167,251.028024
-394.237032,167,251.262822
-362.022842,167,251.498161
-368.011212,167,251.731653
-398.246259,167,251.968736
-388.339787,167,252.201086
-408.66408,167,252.435747
-383.10374,167,252.758305
-382.175592,167,252.994137
-409.458103,167,253.229242
-434.415214,167,253.467002
-359.473212,167,253.700942
-377.184356,167,253.932921
-363.817026,167,254.164935
-411.042654,167,254.39672
-385.5199,167,254.627865
-384.736836,167,254.859478
-375.929035,167,255.09151
-368.45914,167,255.32589
-408.298731,167,255.640026
-386.536596,167,255.876278
-396.724094,167,256.108814
-407.366801,167,256.344396
-406.975785,167,256.579164
-394.607983,167,256.813729
-387.855769,167,257.048988
-398.361886,167,257.284332
-390.116574,167,257.519726
-383.384576,167,257.755458
-390.745002,167,257.99001
-367.985124,167,258.226643
-392.663674,167,258.56954
-380.943057,167,258.804597
-395.071733,167,259.040006
-394.355473,167,259.275047
-369.590337,167,259.50675
-378.662525,167,259.741665
-387.922772,167,259.976327
-389.923802,167,260.211379
-366.257324,167,260.446638
-373.904983,167,260.705528
-413.750139,167,260.94797
-372.869737,167,261.189225
-401.074702,167,261.428635
-411.11964,167,261.74139
-393.529981,167,261.977497
-372.147125,167,262.212846
-384.90584,167,262.447239
-404.210549,167,262.683533
-395.586533,167,262.918733
-364.145842,167,263.15422
-377.732277,167,263.389282
-431.758577,167,263.626633
-401.917019,167,263.861459
-374.24169,167,264.094131
-375.52881,167,264.326947
-383.503495,167,264.633743
-386.662535,167,264.868679
-396.679833,167,265.103893
-396.799521,167,265.337254
-389.386352,167,265.571524
-365.692004,167,265.802923
-381.257452,167,266.034083
-375.632545,167,266.265432
-409.762628,167,266.496621
-378.572147,167,266.727952
-383.694239,167,266.960619
-383.475388,167,267.19599
-387.072543,167,267.504811
-403.727175,167,267.743871
-395.462411,167,267.979687
-379.575262,167,268.214742
-375.128267,167,268.449214
-387.893663,167,268.683447
-371.118221,167,268.915485
-356.463062,167,269.151559
-391.361716,167,269.387368
-377.788209,167,269.620474
-375.155832,167,269.853608
-382.633844,167,270.086415
-366.895287,167,270.394501
-374.022655,167,270.630133
-383.692125,167,270.865368
-393.426418,167,271.100985
-398.627036,167,271.335473
-383.727847,167,271.569917
-361.175486,167,271.804202
-393.805088,167,272.038222
-370.331928,167,272.272476
-379.206382,167,272.523682
-387.682363,167,272.906624
-401.356718,167,273.147379
-392.717254,167,273.383225
-379.946436,167,273.695832
-376.04783,167,273.93234
-402.026128,167,274.169198
-368.40454,167,274.40489
-376.082144,167,274.641164
-376.186077,167,274.877196
-381.185095,167,275.113168
-369.469067,167,275.349657
-384.757505,167,275.584983
-380.653725,167,275.827572
-362.560512,167,276.063632
-388.844472,167,276.299918
-381.082955,167,276.610542
-369.090434,167,276.848092
-413.583221,167,277.08569
-400.402965,167,277.329738
-379.015198,167,277.573542
-376.140324,167,277.818208
-379.435612,167,278.085821
-403.268718,167,278.334279
-403.502316,167,278.576807
-392.648733,167,278.817402
-377.590537,167,279.057434
-391.141322,167,279.296416
-413.126909,167,279.611799
-358.240054,167,279.854006
-407.866969,167,280.092427
-383.902696,167,280.329787
-376.513227,167,280.568911
-383.609231,167,280.807345
-385.294845,167,281.044308
-410.08986,167,281.301962
-375.568492,167,281.541453
-370.721448,167,281.797264
-374.638005,167,282.036068
-382.506201,167,282.277025
-408.379198,167,282.518515
-375.030238,167,282.838142
-369.9406,167,283.077976
-382.831848,167,283.317111
-369.821596,167,283.554897
-382.985603,167,283.79322
-385.773866,167,284.032196
-375.214008,167,284.269777
-369.483884,167,284.507562
-396.839996,167,284.750458
-368.697709,167,284.988639
-374.435646,167,285.226605
-376.971726,167,285.464878
-397.257851,167,285.779254
-371.29982,167,286.013757
-372.145902,167,286.257484
-379.969983,167,286.496958
-385.222922,167,286.735339
-366.533257,167,286.975064
-380.092787,167,287.215916
-398.982258,167,287.453978
-370.045336,167,287.710159
-356.277398,167,287.952608
-365.656365,167,288.190118
-410.983987,167,288.424519
-377.327466,167,288.858033
-380.488319,167,289.096885
-385.262735,167,289.335846
-388.248552,167,289.573385
-408.640017,167,289.817605
-356.131365,167,290.053425
-380.950989,167,290.294411
-374.075368,167,290.535708
-376.268629,167,290.785919
-372.069461,167,291.043449
-406.402768,167,291.282743
-376.668496,167,291.520815
